timestamp,robot_time,encoder_left,encoder_right,velocity
1662011046.1522427,14361297,-0.0009895896911622515,-0.0009895896911622515,0.0
1662011046.3127873,14361416,-0.0009895896911622515,-0.0009895896911622515,0.0
1662011046.4123785,14361520,-0.0009895896911622515,-0.0009895896911622515,0.0
1662011046.5082192,14361653,-0.0009895896911622515,-0.0009895896911622515,0.0
1662011046.5917184,14361738,-0.0009895896911622515,-0.0009895896911622515,0.0
1662011046.699534,14361843,-0.0009895896911622515,-0.0009895896911622515,0.0
1662011046.7904212,14361941,-0.0009895896911622515,-0.0009895896911622515,0.0
1662011046.8974104,14362044,-0.0009895896911622515,-0.0009895896911622515,0.0
1662011046.9943843,14362145,-0.0009895896911622515,-0.0009895896911622515,0.0
1662011047.0978024,14362245,-0.0009895896911622515,-0.0009895896911622515,0.0
1662011047.1934686,14362346,-0.0009895896911622515,-0.0009895896911622515,0.0
1662011047.2969627,14362448,-0.0009895896911622515,-0.0009895896911622515,0.0
1662011047.396747,14362549,-0.0009895896911622515,-0.0009895896911622515,0.0
1662011047.4935658,14362650,-0.0009895896911622515,-0.0009895896911622515,0.0
1662011047.5957286,14362751,-0.0009895896911622515,-0.0009895896911622515,0.0
1662011047.7070782,14362855,-0.0009895896911622515,-0.0009895896911622515,0.0
1662011047.803882,14362955,-0.0009895896911622515,-0.0009895896911622515,0.0
1662011047.9008636,14363055,-0.0009895896911622515,-0.0009895896911622515,0.0
1662011048.0077388,14363157,-0.0009895896911622515,-0.0009895896911622515,0.0
1662011048.1137884,14363258,-0.0009895896911622515,-0.0009895896911622515,0.0
1662011048.2026868,14363359,-0.0009895896911622515,-0.0009895896911622515,0.0
1662011048.3218403,14363471,-0.0009895896911622515,-0.0009895896911622515,0.0
1662011048.4119685,14363567,-0.0009895896911622515,-0.0009895896911622515,0.0
1662011048.5214028,14363669,-0.0009895896911622515,-0.0009895896911622515,0.0
1662011048.6200838,14363769,-0.0009895896911622515,-0.0009895896911622515,0.0
1662011048.719336,14363869,-0.0009895896911622515,-0.0009895896911622515,0.0
1662011048.8204384,14363970,-0.0009895896911622515,-0.0009895896911622515,0.0
1662011048.9220393,14364071,-0.0009895896911622515,-0.0009895896911622515,0.0
1662011049.0213263,14364172,-0.0009895896911622515,-0.0009895896911622515,0.0
1662011049.1251602,14364273,-0.0009895896911622515,-0.0009895896911622515,0.0
1662011049.222487,14364373,-0.0009895896911622515,-0.0009895896911622515,0.0
1662011049.3250036,14364474,-0.0009895896911622515,-0.0009895896911622515,0.0
1662011049.425516,14364581,-0.0009895896911622515,-0.0009895896911622515,0.0
1662011049.4654112,14364616,-0.0009895896911622515,-0.0009895896911622515,0.0
1662011049.5214663,14364677,-0.0009895896911622515,-0.0009895896911622515,0.0
1662011049.6197407,14364768,-0.0009895896911622515,-0.0009895896911622515,0.0
1662011049.6306882,14364780,-0.0009895896911622515,-0.0009895896911622515,0.0
1662011049.7250962,14364881,-0.0009895896911622515,-0.0009895896911622515,0.0
1662011049.7806988,14364928,-0.0009895896911622515,-0.0009895896911622515,0.0
1662011049.8255818,14364981,0.00016149520874009227,0.00016149520874009227,0.04601942375302315
1662011049.9333036,14365082,0.0024622344970701704,0.0024622344970701704,0.04601942375302315
1662011050.015511,14365162,0.00706418991088853,0.00821479797363267,0.04601942375302315
1662011050.0264096,14365183,0.01396736145019517,0.015117492675781108,0.0920388475060463
1662011050.1337588,14365283,0.022020187377929545,0.02432188034057603,0.13805827498435974
1662011050.237858,14365385,0.031224575042724467,0.03697713851928697,0.13805827498435974
1662011050.3370268,14365485,0.05653509140014634,0.07149108886718736,0.1840776950120926
1662011050.4325724,14365585,0.07034095764160142,0.0898989105224608,0.1840776950120926
1662011050.5441933,14365692,0.10025342941284165,0.1278651618957518,0.1840776950120926
1662011050.6302357,14365787,0.11520990371704087,0.1451223754882811,0.1840776950120926
1662011050.7385528,14365887,0.12556442260742173,0.1623795890808104,0.1840776950120926
1662011050.7650843,14365920,0.14052042007446275,0.17848619461059556,0.1840776950120926
1662011050.8368895,14365989,0.15547689437866197,0.19459327697753892,0.1840776950120926
1662011050.9346328,14366090,0.17043289184570298,0.20954927444457994,0.1840776950120926
1662011051.037355,14366190,0.18193801879882798,0.2199037933349608,0.13805827498435974
1662011051.0527458,14366210,0.18653997421264634,0.22105440139770494,0.04601942375302315
1662011051.1280527,14366275,0.18653997421264634,0.22105440139770494,0.04601942375302315
1662011051.140293,14366290,0.18653997421264634,0.22105440139770494,0.0
1662011051.245725,14366392,0.18653997421264634,0.22105440139770494,0.0
1662011051.256021,14366410,0.18653997421264634,0.22105440139770494,0.0
1662011051.34426,14366493,0.18653997421264634,0.2199037933349608,0.0
1662011051.398187,14366551,0.18423875808715806,0.21070035934448228,-0.04601942375302315
1662011051.4438746,14366595,0.17848619461059556,0.20034584045410142,-0.04601942375302315
1662011051.5356288,14366691,0.16928276062011705,0.19344314575195298,-0.13805827498435974
1662011051.546602,14366698,0.16928276062011705,0.19344314575195298,-0.13805827498435974
1662011051.650599,14366802,0.1451223754882811,0.16928276062011705,-0.23009711503982544
1662011051.6936615,14366848,0.1451223754882811,0.16928276062011705,-0.23009711503982544
1662011051.7466075,14366899,0.1301663780212401,0.15317567825317369,-0.1840776950120926
1662011051.8380353,14366994,0.11060747146606431,0.1359189414978026,-0.2761165499687195
1662011051.849998,14367000,0.11060747146606431,0.1359189414978026,-0.2761165499687195
1662011051.9530776,14367101,0.06804021835327134,0.09450134277343736,-0.32213595509529114
1662011051.9870267,14367141,0.06804021835327134,0.09450134277343736,-0.32213595509529114
1662011052.0530062,14367201,0.045030441284179545,0.07149108886718736,-0.2761165499687195
1662011052.1398358,14367292,0.019719448089599467,0.04618057250976548,-0.32213595509529114
1662011052.1508236,14367302,0.019719448089599467,0.04618057250976548,-0.32213595509529114
1662011052.2557707,14367405,-0.033202800750732564,-0.005591068267822408,-0.3681553900241852
1662011052.2999918,14367455,-0.033202800750732564,-0.005591068267822408,-0.3681553900241852
1662011052.3557963,14367504,-0.06196466445922866,-0.034353408813476705,-0.3681553900241852
1662011052.4538386,14367605,-0.09302774429321303,-0.06541648864746108,-0.4141748249530792
1662011052.549584,14367607,-0.09302774429321303,-0.06541648864746108,-0.4141748249530792
1662011052.5606527,14367707,-0.1528531646728517,-0.1321446037292482,-0.5062136650085449
1662011052.6043906,14367752,-0.1528531646728517,-0.1321446037292482,-0.5062136650085449
1662011052.659068,14367808,-0.19427076339721694,-0.16665903091430678,-0.552233099937439
1662011052.7481375,14367903,-0.23568788528442397,-0.20347467422485366,-0.598252534866333
1662011052.7599933,14367912,-0.2794071769714357,-0.2391397094726564,-0.552233099937439
1662011052.8575435,14368013,-0.32197443008422866,-0.27825609207153335,-0.552233099937439
1662011052.9108295,14368065,-0.36569276809692397,-0.323125514984131,-0.552233099937439
1662011052.958157,14368114,-0.36569276809692397,-0.323125514984131,-0.552233099937439
1662011053.0470216,14368200,-0.40826097488403335,-0.3725964164733888,-0.552233099937439
1662011053.0580466,14368215,-0.453130397796631,-0.4209162330627443,-0.598252534866333
1662011053.1678073,14368316,-0.4991494750976564,-0.4669357872009279,-0.598252534866333
1662011053.213353,14368364,-0.5440184211730958,-0.5129553413391115,-0.598252534866333
1662011053.2674901,14368416,-0.5440184211730958,-0.5129553413391115,-0.598252534866333
1662011053.3569756,14368508,-0.6268536186218263,-0.5854360198974611,-0.552233099937439
1662011053.3679318,14368516,-0.6268536186218263,-0.5854360198974611,-0.552233099937439
1662011053.465886,14368616,-0.6694218254089357,-0.6280037498474123,-0.598252534866333
1662011053.510439,14368660,-0.7142902946472169,-0.6705719566345216,-0.598252534866333
1662011053.566573,14368719,-0.7142902946472169,-0.6705719566345216,-0.598252534866333
1662011053.6689131,14368819,-0.8086301422119142,-0.754557285308838,-0.6442719101905823
1662011053.679624,14368830,-0.8086301422119142,-0.754557285308838,-0.6442719101905823
1662011053.765597,14368920,-0.8558003044128419,-0.7948242759704591,-0.6442719101905823
1662011053.8088386,14368958,-0.9029699897766115,-0.8350912666320802,-0.6442719101905823
1662011053.8714278,14369022,-0.9455377197265626,-0.8753582572937013,-0.552233099937439
1662011053.981038,14369129,-0.989256057739258,-0.9202272033691408,-0.598252534866333
1662011054.082607,14369131,-0.989256057739258,-0.9202272033691408,-0.598252534866333
1662011054.094117,14369234,-1.0318242645263673,-0.9719988441467287,-0.598252534866333
1662011054.179799,14369334,-1.1215626335144044,-1.0663391685485841,-0.598252534866333
1662011054.2832594,14369437,-1.1641298866271974,-1.1123582458496095,-0.552233099937439
1662011054.3934336,14369540,-1.2320086097717287,-1.1951929664611818,-0.552233099937439
1662011054.493819,14369642,-1.275726947784424,-1.238911304473877,-0.598252534866333
1662011054.5901823,14369741,-1.3205963706970216,-1.2803293800354005,-0.598252534866333
1662011054.6870668,14369843,-1.4137856101989748,-1.364314708709717,-0.598252534866333
1662011054.7977924,14369944,-1.4609552955627443,-1.4068829154968263,-0.598252534866333
1662011054.9075277,14370058,-1.547241840362549,-1.4897176361083986,-0.598252534866333
1662011054.9942896,14370151,-1.5886594390869142,-1.5380379295349123,-0.552233099937439
1662011055.1017077,14370253,-1.6323777770996095,-1.58750883102417,-0.598252534866333
1662011055.2036946,14370354,-1.7209650611877443,-1.664591464996338,-0.598252534866333
1662011055.299516,14370455,-1.7623826599121095,-1.7094604110717775,-0.552233099937439
1662011055.4058797,14370556,-1.8038002586364748,-1.7508780097961427,-0.598252534866333
1662011055.503918,14370659,-1.8912369346618654,-1.836013469696045,-0.6442719101905823
1662011055.6093168,14370758,-1.937256488800049,-1.8785816764831544,-0.6442719101905823
1662011055.7048054,14370859,-1.9844261741638185,-1.9199992752075197,-0.6442719101905823
1662011055.8102424,14370962,-2.0764652824401857,-2.006285343170166,-0.598252534866333
1662011055.9170356,14371065,-2.119033489227295,-2.0465528106689455,-0.552233099937439
1662011056.0182872,14371168,-2.2041689491271974,-2.136290225982666,-0.598252534866333
1662011056.1161833,14371265,-2.247887763977051,-2.185761127471924,-0.598252534866333
1662011056.2139573,14371369,-2.2916061019897462,-2.2317806816101076,-0.598252534866333
1662011056.3214715,14371471,-2.3606354331970216,-2.3192178344726564,-0.552233099937439
1662011056.4171703,14371572,-2.4009024238586427,-2.3617855644226076,-0.552233099937439
1662011056.5191221,14371672,-2.443470153808594,-2.404353771209717,-0.598252534866333
1662011056.6248877,14371774,-2.5389606094360353,-2.4894897079467775,-0.6442719101905823
1662011056.7209501,14371874,-2.586130294799805,-2.5309073066711427,-0.6442719101905823
1662011056.827528,14371982,-2.6747178173065187,-2.616042766571045,-0.598252534866333
1662011056.9208274,14372077,-2.716135177612305,-2.6574603652954103,-0.552233099937439
1662011057.028949,14372177,-2.757552537918091,-2.703479919433594,-0.552233099937439
1662011057.1241083,14372278,-2.8438390827178956,-2.784013900756836,-0.598252534866333
1662011057.226327,14372379,-2.888708267211914,-2.8288830852508546,-0.598252534866333
1662011057.3312628,14372484,-2.9289752578735353,-2.87490216255188,-0.552233099937439
1662011057.4349153,14372583,-3.0106596088409425,-2.9577371215820314,-0.552233099937439
1662011057.5307155,14372684,-3.055528554916382,-3.0003053283691408,-0.598252534866333
1662011057.6300182,14372785,-3.1026984786987306,-3.042873296737671,-0.6442719101905823
1662011057.737567,14372885,-3.1958877182006837,-3.1291598415374757,-0.598252534866333
1662011057.8365855,14372991,-3.239606294631958,-3.171727571487427,-0.552233099937439
1662011057.93843,14373092,-3.3235916233062746,-3.252261552810669,-0.552233099937439
1662011058.0381203,14373191,-3.366159591674805,-3.299431715011597,-0.552233099937439
1662011058.1351678,14373292,-3.39492169380188,-3.3477517700195314,-0.552233099937439
1662011058.2429397,14373393,-3.482358846664429,-3.4386400318145753,-0.552233099937439
1662011058.3400512,14373496,-3.523776206970215,-3.482358846664429,-0.552233099937439
1662011058.4437475,14373600,-3.564043197631836,-3.523776206970215,-0.552233099937439
1662011058.544962,14373699,-3.651480112075806,-3.6089119052886964,-0.6442719101905823
1662011058.6497366,14373801,-3.6998006439208986,-3.6503297424316408,-0.6442719101905823
1662011058.6888714,14373844,-3.746970329284668,-3.694048080444336,-0.598252534866333
1662011058.7541754,14373906,-3.7918395137786867,-3.7366160488128664,-0.598252534866333
1662011058.8293042,14373984,-3.835557851791382,-3.7791837787628175,-0.598252534866333
1662011058.8509202,14374001,-3.835557851791382,-3.7791837787628175,-0.598252534866333
1662011058.9456823,14374102,-3.874674234390259,-3.8044947719573976,-0.5062136650085449
1662011058.9913042,14374147,-3.911489877700806,-3.8401598072052003,-0.4601942300796509
1662011059.0549583,14374203,-3.9483052825927736,-3.8827277755737306,-0.4601942300796509
1662011059.1503668,14374295,-3.9839705562591554,-3.9218443965911867,-0.5062136650085449
1662011059.2520187,14374305,-3.9839705562591554,-3.9218443965911867,-0.5062136650085449
1662011059.2649791,14374406,-4.021936330795288,-3.9598101711273195,-0.5062136650085449
1662011059.3218362,14374475,-4.055300626754761,-3.994324836730957,-0.4141748249530792
1662011059.3607247,14374509,-4.086363706588745,-4.026538286209107,-0.4141748249530792
1662011059.4247944,14374580,-4.113975439071655,-4.057601366043091,-0.3681553900241852
1662011059.4583886,14374609,-4.113975439071655,-4.057601366043091,-0.3681553900241852
1662011059.5621135,14374711,-4.140436563491821,-4.085213098526001,-0.3681553900241852
1662011059.6612918,14374810,-4.187606248855591,-4.13238302230835,-0.32213595509529114
1662011059.7605238,14374911,-4.210616025924683,-4.1553927993774415,-0.32213595509529114
1662011059.854318,14375005,-4.237077150344849,-4.178402576446533,-0.3681553900241852
1662011059.8662486,14375016,-4.263538513183594,-4.201412115097046,-0.3681553900241852
1662011059.9601874,14375115,-4.280795726776123,-4.224421892166138,-0.3681553900241852
1662011060.0688276,14375217,-4.307256851196289,-4.24743166923523,-0.3681553900241852
1662011060.1641545,14375312,-4.340620908737183,-4.2727421855926515,-0.0920388475060463
1662011060.265007,14375320,-4.340620908737183,-4.2727421855926515,-0.0920388475060463
1662011060.2765868,14375421,-4.341771516799927,-4.2727421855926515,0.0
1662011060.3083854,14375460,-4.341771516799927,-4.2727421855926515,0.0
1662011060.3793683,14375534,-4.341771516799927,-4.2727421855926515,0.0
1662011060.4572976,14375608,-4.339470539093018,-4.270441446304321,0.04601942375302315
1662011060.4792511,14375629,-4.339470539093018,-4.270441446304321,0.04601942375302315
1662011060.57566,14375730,-4.333718214035034,-4.264688882827759,0.0920388475060463
1662011060.600256,14375746,-4.333718214035034,-4.264688882827759,0.0920388475060463
1662011060.6796677,14375830,-4.314159784317017,-4.250883016586304,0.1840776950120926
1662011060.7367516,14375892,-4.314159784317017,-4.250883016586304,0.1840776950120926
1662011060.780234,14375931,-4.301504526138306,-4.239378366470337,0.1840776950120926
1662011060.88479,14376040,-4.2853976821899415,-4.226722869873047,0.23009711503982544
1662011060.9386425,14376087,-4.268140468597412,-4.211766633987427,0.23009711503982544
1662011060.9851844,14376140,-4.248582277297974,-4.194509420394898,0.23009711503982544
1662011061.0546908,14376209,-4.227873239517212,-4.176101598739624,0.23009711503982544
1662011061.090974,14376243,-4.227873239517212,-4.176101598739624,0.23009711503982544
1662011061.197502,14376348,-4.189907464981079,-4.136984977722168,0.2761165499687195
1662011061.2083187,14376366,-4.189907464981079,-4.136984977722168,0.2761165499687195
1662011061.2963407,14376445,-4.1668976879119874,-4.112824831008911,0.2761165499687195
1662011061.3574445,14376512,-4.1427373027801515,-4.08751407623291,0.32213595509529114
1662011061.3897092,14376544,-4.1427373027801515,-4.08751407623291,0.32213595509529114
1662011061.474236,14376631,-4.118577394485474,-4.062203321456909,0.32213595509529114
1662011061.4956465,14376645,-4.092116031646729,-4.032290849685669,0.3681553900241852
1662011061.6086438,14376755,-4.062203321456909,-3.9977764225006105,0.4141748249530792
1662011061.6515548,14376805,-4.028839502334595,-3.9563588237762453,0.4601942300796509
1662011061.7136915,14376866,-3.992023859024048,-3.9218443965911867,0.5062136650085449
1662011061.7682838,14376916,-3.992023859024048,-3.9218443965911867,0.5062136650085449
1662011061.8008835,14376957,-3.967863473892212,-3.886179122924805,0.5062136650085449
1662011061.9069376,14377058,-3.9321986770629884,-3.850514326095581,0.4601942300796509
1662011061.917936,14377067,-3.9321986770629884,-3.850514326095581,0.4601942300796509
1662011062.012481,14377162,-3.8539656734466554,-3.7768830394744874,0.552233099937439
1662011062.0343835,14377190,-3.8539656734466554,-3.7768830394744874,0.552233099937439
1662011062.1066058,14377261,-3.81254807472229,-3.735465440750122,0.598252534866333
1662011062.1993628,14377351,-3.7676791286468507,-3.694048080444336,0.6442719101905823
1662011062.210487,14377363,-3.7676791286468507,-3.694048080444336,0.6442719101905823
1662011062.30725,14377463,-3.6721889114379884,-3.612363729476929,0.598252534866333
1662011062.3290863,14377477,-3.6721889114379884,-3.612363729476929,0.598252534866333
1662011062.41098,14377564,-3.62731972694397,-3.5697957611083986,0.598252534866333
1662011062.4657989,14377614,-3.5859023666381837,-3.52492657661438,0.552233099937439
1662011062.508302,14377664,-3.5859023666381837,-3.52492657661438,0.552233099937439
1662011062.606645,14377760,-3.5076693630218507,-3.447843942642212,0.5062136650085449
1662011062.6196117,14377766,-3.5076693630218507,-3.447843942642212,0.5062136650085449
1662011062.714359,14377867,-3.4651013946533205,-3.3983730411529542,0.598252534866333
1662011062.7363565,14377889,-3.4651013946533205,-3.3983730411529542,0.598252534866333
1662011062.8117957,14377968,-3.421383056640625,-3.354654703140259,0.598252534866333
1662011062.8785613,14378034,-3.3765138721466066,-3.313237342834473,0.598252534866333
1662011062.9154603,14378070,-3.3362468814849855,-3.2706693744659425,0.5062136650085449
1662011063.0158458,14378170,-3.2936791515350343,-3.2315529918670656,0.598252534866333
1662011063.0328028,14378181,-3.2936791515350343,-3.2315529918670656,0.598252534866333
1662011063.1215978,14378272,-3.209693822860718,-3.1521693801879884,0.598252534866333
1662011063.1961973,14378346,-3.1636742687225343,-3.1119023895263673,0.6442719101905823
1662011063.219077,14378372,-3.1636742687225343,-3.1119023895263673,0.6442719101905823
1662011063.3154902,14378472,-3.1165041065216066,-3.069334421157837,0.598252534866333
1662011063.428427,14378574,-3.029067430496216,-2.9864992237091066,0.552233099937439
1662011063.518697,14378676,-2.988800439834595,-2.9427808856964113,0.552233099937439
1662011063.6269202,14378776,-2.962339315414429,-2.8967613315582277,0.552233099937439
1662011063.729112,14378877,-2.8829557037353517,-2.8012713527679445,0.552233099937439
1662011063.8374012,14378986,-2.8380869960784914,-2.757552537918091,0.598252534866333
1662011063.9293783,14379086,-2.7518004512786867,-2.6735672092437746,0.552233099937439
1662011064.0246801,14379181,-2.7103828525543214,-2.6344505882263185,0.552233099937439
1662011064.136153,14379286,-2.6678151226043703,-2.5964848136901857,0.552233099937439
1662011064.2388153,14379387,-2.5803782081604005,-2.513649616241455,0.598252534866333
1662011064.3337355,14379487,-2.5320574378967287,-2.472232494354248,0.6442719101905823
1662011064.443267,14379590,-2.486037883758545,-2.444620761871338,0.6442719101905823
1662011064.532649,14379690,-2.404353771209717,-2.3606354331970216,0.5062136650085449
1662011064.6370618,14379792,-2.365236911773682,-2.315766010284424,0.5062136650085449
1662011064.7435572,14379900,-2.2835527992248537,-2.2191254234313966,0.598252534866333
1662011064.840298,14379995,-2.238683853149414,-2.173105869293213,0.598252534866333
1662011064.948535,14380096,-2.1949650382995607,-2.130538139343262,0.598252534866333
1662011065.0454276,14380198,-2.1121303176879884,-2.0500041580200197,0.552233099937439
1662011065.1424708,14380299,-2.0695625877380373,-2.0120379066467287,0.552233099937439
1662011065.247033,14380399,-2.026994380950928,-1.9706207847595216,0.552233099937439
1662011065.3557034,14380511,-1.9349552726745607,-1.8877855873107912,0.598252534866333
1662011065.4588587,14380611,-1.9050428009033205,-1.84751859664917,0.598252534866333
1662011065.558495,14380714,-1.818756732940674,-1.7612320518493654,0.552233099937439
1662011065.6615477,14380813,-1.7784897422790529,-1.7163635826110841,0.5062136650085449
1662011065.7592945,14380914,-1.7382227516174318,-1.6680428123474123,0.552233099937439
1662011065.8665192,14381015,-1.651936206817627,-1.5748535728454591,0.6442719101905823
1662011066.097035,14381022,-1.651936206817627,-1.5748535728454591,0.6442719101905823
1662011066.1099992,14381126,-1.6082178688049318,-1.5322853660583498,0.598252534866333
1662011066.1535604,14381256,-1.5242320632934572,-1.4517513847351076,0.598252534866333
1662011066.1645517,14381306,-1.481664333343506,-1.4137856101989748,0.598252534866333
1662011066.2101877,14381358,-1.481664333343506,-1.4137856101989748,0.598252534866333
1662011066.3075128,14381458,-1.3953777885437013,-1.3459068870544435,0.598252534866333
1662011066.4036608,14381561,-1.3505088424682619,-1.3033391571044923,0.598252534866333
1662011066.5119653,14381661,-1.3056398963928224,-1.261921558380127,0.552233099937439
1662011066.6256816,14381770,-1.22050443649292,-1.1790863609313966,0.552233099937439
1662011066.7133822,14381866,-1.1802369689941408,-1.1342178916931154,0.552233099937439
1662011066.8164861,14381972,-1.0985523796081544,-1.0364262199401857,0.552233099937439
1662011066.9129746,14382067,-1.0536839103698732,-0.9904066658020021,0.598252534866333
1662011067.0175154,14382173,-1.0099655723571779,-0.9466883277893068,0.552233099937439
1662011067.1196432,14382271,-0.9259797668457033,-0.8661543464660646,0.598252534866333
1662011067.2168565,14382372,-0.884562168121338,-0.8281880950927736,0.552233099937439
1662011067.3244543,14382473,-0.8558003044128419,-0.7902223205566408,0.552233099937439
1662011067.4330645,14382579,-0.7660619354248048,-0.7073875999450685,0.6442719101905823
1662011067.5238633,14382677,-0.7223435974121095,-0.6659700012207033,0.552233099937439
1662011067.631471,14382779,-0.6786252593994142,-0.624552402496338,0.552233099937439
1662011067.73381,14382884,-0.5957905387878419,-0.5382658576965333,0.552233099937439
1662011067.83168,14382983,-0.5555230712890626,-0.4899460411071779,0.5062136650085449
1662011067.931273,14383083,-0.46923700332641616,-0.39445510864257827,0.598252534866333
1662011068.0375001,14383187,-0.42551818847656264,-0.35073677062988295,0.552233099937439
1662011068.128955,14383286,-0.38295045852661147,-0.323125514984131,0.598252534866333
1662011068.2335978,14383387,-0.2978140449523927,-0.2448922729492189,0.598252534866333
1662011068.3383498,14383489,-0.25524679183959975,-0.20692602157592788,0.598252534866333
1662011068.4386873,14383590,-0.21152845382690444,-0.16550842285156264,0.598252534866333
1662011068.5512693,14383702,-0.12179008483886733,-0.08267370223999038,0.598252534866333
1662011068.6481843,14383801,-0.07922235488891616,-0.04125610351562514,0.552233099937439
1662011068.743929,14383896,0.0024622344970701704,0.045030441284179545,0.552233099937439
1662011068.841179,14383995,0.041578617095947124,0.09335073471069322,0.5062136650085449
1662011068.9481258,14384101,0.0841468238830565,0.14282163619995103,0.552233099937439
1662011069.0487964,14384201,0.17273458480834947,0.23370965957641587,0.598252534866333
1662011069.1502404,14384303,0.20034584045410142,0.27627786636352525,0.552233099937439
1662011069.2506254,14384403,0.24176343917846665,0.31424364089965806,0.552233099937439
1662011069.3467658,14384502,0.32574876785278306,0.38902505874633775,0.552233099937439
1662011069.4552944,14384604,0.3706172370910643,0.430442657470703,0.598252534866333
1662011069.5607634,14384710,0.45805486679077134,0.5121272468566893,0.552233099937439
1662011069.5798106,14384727,0.45805486679077134,0.5121272468566893,0.552233099937439
1662011069.65793,14384809,0.5017732048034667,0.5546954536437987,0.598252534866333
1662011069.6948304,14384842,0.5017732048034667,0.5546954536437987,0.598252534866333
1662011069.7527046,14384910,0.5431903266906737,0.5949624443054198,0.552233099937439
1662011069.7956982,14384948,0.5823071861267088,0.6340788269042967,0.5062136650085449
1662011069.859457,14385013,0.6214235687255858,0.674346294403076,0.5062136650085449
1662011069.9580052,14385115,0.6593893432617186,0.7100108528137206,0.5062136650085449
1662011070.065882,14385216,0.7042582893371581,0.7629331016540526,0.598252534866333
1662011070.162682,14385317,0.7951467895507811,0.8480695152282713,0.5062136650085449
1662011070.2685974,14385418,0.8377149963378905,0.8860352897644042,0.598252534866333
1662011070.3668113,14385524,0.9182489776611327,0.9573653602600096,0.5062136650085449
1662011070.4653115,14385619,0.9608167076110838,0.9964822196960448,0.552233099937439
1662011070.567129,14385719,1.0056856536865233,1.0355986022949217,0.598252534866333
1662011070.6723676,14385820,1.0885203742980956,1.1149819755554198,0.552233099937439
1662011070.777478,14385923,1.1299379730224608,1.1540983581542967,0.552233099937439
1662011070.8663406,14386022,1.171355571746826,1.1932147407531737,0.552233099937439
1662011070.9680154,14386123,1.2403849029541014,1.2760499382019042,0.552233099937439
1662011071.0748062,14386224,1.2841032409667967,1.3232196235656737,0.598252534866333
1662011071.1756423,14386326,1.3289721870422362,1.3715399169921874,0.598252534866333
1662011071.2754455,14386426,1.415259208679199,1.4555252456665038,0.598252534866333
1662011071.3740683,14386528,1.453224983215332,1.4877394104003905,0.4601942300796509
1662011071.4213095,14386571,1.4888895416259764,1.5211037063598631,0.5062136650085449
1662011071.4867501,14386634,1.5268562698364256,1.5533169174194335,0.5062136650085449
1662011071.5747972,14386730,1.5694235229492186,1.5901325607299803,0.552233099937439
1662011071.6827013,14386831,1.611991729736328,1.6280983352661131,0.552233099937439
1662011071.775406,14386933,1.6913746261596678,1.6925257110595702,0.4601942300796509
1662011071.8803425,14387033,1.730491485595703,1.730491485595703,0.5062136650085449
1662011071.9788613,14387134,1.7684582138061522,1.7673071289062499,0.5062136650085449
1662011072.088005,14387237,1.846690979003906,1.846690979003906,0.552233099937439
1662011072.1804643,14387338,1.8869579696655272,1.8869579696655272,0.552233099937439
1662011072.2224057,14387374,1.9306763076782225,1.9421814346313475,0.598252534866333
1662011072.2881818,14387438,1.9306763076782225,1.9421814346313475,0.598252534866333
1662011072.396922,14387541,2.018112983703613,2.03191837310791,0.598252534866333
1662011072.4954512,14387548,2.018112983703613,2.03191837310791,0.598252534866333
1662011072.5093112,14387645,2.0606811904907225,2.071035232543945,0.598252534866333
1662011072.5652182,14387714,2.1009481811523436,2.1101520919799803,0.552233099937439
1662011072.58692,14387744,2.149267997741699,2.148117866516113,0.6442719101905823
1662011072.685541,14387843,2.1952875518798827,2.1906860733032225,0.598252534866333
1662011072.790875,14387944,2.2401569747924803,2.233254280090332,0.598252534866333
1662011072.89166,14388043,2.311487045288086,2.31493839263916,0.552233099937439
1662011072.9951794,14388144,2.351754035949707,2.355205383300781,0.552233099937439
1662011073.0917492,14388245,2.3908699417114256,2.3977735900878905,0.552233099937439
1662011073.194474,14388349,2.4794577026367186,2.4921129608154295,0.598252534866333
1662011073.2948046,14388446,2.523176040649414,2.5404337310791014,0.552233099937439
1662011073.3925757,14388547,2.5657442474365233,2.588753547668457,0.598252534866333
1662011073.49554,14388648,2.652030792236328,2.669287528991699,0.598252534866333
1662011073.5984302,14388750,2.694598045349121,2.7072542572021483,0.598252534866333
1662011073.7013693,14388854,2.7877882385253905,2.773981895446777,0.6442719101905823
1662011073.7971473,14388950,2.833807792663574,2.8165501022338866,0.598252534866333
1662011073.9079783,14389058,2.875224914550781,2.8568170928955077,0.552233099937439
1662011073.9971457,14389153,2.953457679748535,2.939652290344238,0.5062136650085449
1662011074.1087818,14389257,2.989123191833496,2.981069412231445,0.5062136650085449
1662011074.2026594,14389354,3.033991661071777,3.025938835144043,0.6442719101905823
1662011074.2996206,14389456,3.12257942199707,3.1248806381225585,0.552233099937439
1662011074.4083726,14389556,3.1662977600097655,3.172050323486328,0.552233099937439
1662011074.5033152,14389659,3.2054146194458006,3.214617576599121,0.552233099937439
1662011074.6066322,14389759,3.2928512954711913,3.290550079345703,0.598252534866333
1662011074.7052567,14389860,3.3227642440795897,3.329666938781738,0.598252534866333
1662011074.81351,14389964,3.4182537460327147,3.412501182556152,0.598252534866333
1662011074.9160366,14390063,3.4562195205688475,3.4527691268920897,0.5062136650085449
1662011075.0119424,14390166,3.4930351638793944,3.4953363800048827,0.5062136650085449
1662011075.118005,14390267,3.5712688827514647,3.578171577453613,0.5062136650085449
1662011075.213877,14390368,3.611535873413086,3.6253412628173827,0.552233099937439
1662011075.3201652,14390470,3.6575554275512694,3.675963249206543,0.6442719101905823
1662011075.4226286,14390573,3.743841972351074,3.7680014038085936,0.552233099937439
1662011075.523108,14390676,3.785259094238281,3.7967632675170897,0.552233099937439
1662011075.6238286,14390778,3.8692444229125975,3.8726957702636717,0.598252534866333
1662011075.7190773,14390876,3.9187153244018553,3.9095114135742186,0.6902914047241211
1662011075.834445,14390981,3.9635837936401366,3.9509285354614256,0.598252534866333
1662011075.9315298,14391080,4.051021423339844,4.033763732910156,0.3681553900241852
1662011076.031393,14391181,4.092438545227051,4.075180854797363,0.552233099937439
1662011076.136961,14391287,4.1304052734375,4.1177490615844725,0.5062136650085449
1662011076.2333524,14391385,4.20978816986084,4.205185737609863,0.6442719101905823
1662011076.3299212,14391485,4.256957855224609,4.258108940124512,0.598252534866333
1662011076.4443288,14391592,4.340943183898926,4.350147094726562,0.5062136650085449
1662011076.5405831,14391695,4.36740478515625,4.392715301513672,0.552233099937439
1662011076.6425192,14391790,4.405371513366699,4.431832160949707,0.5062136650085449
1662011076.7386644,14391891,4.4962585830688475,4.506613578796387,0.6442719101905823
1662011076.8359778,14391991,4.545730438232422,4.549181785583496,0.6902914047241211
1662011076.936369,14392092,4.5963514709472655,4.590598907470703,0.7823302149772644
1662011077.0499945,14392197,4.681487884521484,4.6734341049194335,0.4601942300796509
1662011077.1422353,14392298,4.7148512268066405,4.7148512268066405,0.4141748249530792
1662011077.2511425,14392399,4.750515785217285,4.759719696044922,0.552233099937439
1662011077.347789,14392500,4.839103546142578,4.841404762268066,0.598252534866333
1662011077.4478204,14392601,4.88282283782959,4.889724578857422,0.552233099937439
1662011077.5460322,14392702,4.964506950378418,4.9748609924316405,0.552233099937439
1662011077.6562333,14392806,5.005924072265625,5.015127983093262,0.552233099937439
1662011077.7520287,14392909,5.049643363952637,5.053093757629394,0.6442719101905823
1662011077.8624182,14393009,5.145132865905762,5.133628692626953,0.598252534866333
1662011077.9588137,14393114,5.190002288818359,5.176195945739746,0.598252534866333
1662011078.062534,14393220,5.27283748626709,5.25903018951416,0.5062136650085449
1662011078.165178,14393315,5.313103523254394,5.301598396301269,0.552233099937439
1662011078.2630095,14393417,5.3533705139160155,5.3464687728881835,0.552233099937439
1662011078.3643925,14393517,5.425850715637207,5.444259490966797,0.598252534866333
1662011078.460324,14393618,5.469570007324219,5.491429176330566,0.598252534866333
1662011078.5636659,14393717,5.512138214111328,5.533997383117676,0.598252534866333
1662011078.670755,14393819,5.596123542785644,5.615681495666504,0.598252534866333
1662011078.7718742,14393924,5.637541618347168,5.652497138977051,0.552233099937439
1662011078.8752038,14394025,5.682410087585449,5.6904629135131835,0.598252534866333
1662011078.9755657,14394127,5.77329906463623,5.77329906463623,0.598252534866333
1662011079.075639,14394227,5.815865364074707,5.814716186523437,0.598252534866333
1662011079.183567,14394331,5.897551383972168,5.8848951721191405,0.552233099937439
1662011079.276666,14394431,5.9378174209594725,5.928614463806152,0.552233099937439
1662011079.3801212,14394531,5.980385627746582,5.9734829330444335,0.552233099937439
1662011079.4740398,14394631,6.068973388671875,6.072424736022949,0.552233099937439
1662011079.5923483,14394733,6.110390510559082,6.11729320526123,0.552233099937439
1662011079.6869273,14394838,6.152957763671875,6.158710327148437,0.552233099937439
1662011079.785114,14394938,6.238094177246094,6.235793914794922,0.598252534866333
1662011079.8988197,14395047,6.282962646484375,6.2749098205566405,0.598252534866333
1662011079.99573,14395144,6.372700538635254,6.357745018005371,0.552233099937439
1662011080.099101,14395246,6.415268745422363,6.399162139892578,0.552233099937439
1662011080.1926231,14395345,6.415268745422363,6.440579261779785,0.552233099937439
1662011080.2973704,14395446,6.521114196777344,6.528015937805176,0.5062136650085449
1662011080.39463,14395548,6.563681449890137,6.57748779296875,0.598252534866333
1662011080.4522758,14395603,6.608550872802734,6.626957740783691,0.598252534866333
1662011080.4992394,14395650,6.608550872802734,6.626957740783691,0.598252534866333
1662011080.543637,14395699,6.651119079589844,6.671828117370605,0.552233099937439
1662011080.5953028,14395752,6.692536201477051,6.714394416809082,0.552233099937439
1662011080.6944249,14395851,6.73510440826416,6.755813446044922,0.552233099937439
1662011080.7052665,14395853,6.73510440826416,6.755813446044922,0.552233099937439
1662011080.806321,14395958,6.8179396057128905,6.830593910217285,0.552233099937439
1662011080.8618147,14396010,6.8179396057128905,6.830593910217285,0.552233099937439
1662011080.899673,14396055,6.861656990051269,6.867409553527832,0.552233099937439
1662011081.0005841,14396152,6.9065273666381835,6.9065273666381835,0.598252534866333
1662011081.099387,14396156,6.9065273666381835,6.9065273666381835,0.598252534866333
1662011081.1113887,14396257,6.991661872863769,6.970953788757324,0.552233099937439
1662011081.2108822,14396358,7.0319288635253905,7.008919563293457,0.5062136650085449
1662011081.3072891,14396458,7.071045722961426,7.046886291503906,0.5062136650085449
1662011081.4211524,14396564,7.150429573059082,7.118216361999512,0.598252534866333
1662011081.5071907,14396663,7.192996826171875,7.15733226776123,0.598252534866333
1662011081.6101658,14396764,7.235565032958984,7.197600212097168,0.552233099937439
1662011081.7096896,14396864,7.316099967956543,7.283885803222656,0.552233099937439
1662011081.7648926,14396922,7.35751708984375,7.3264540100097655,0.552233099937439
1662011081.8172302,14396965,7.35751708984375,7.3264540100097655,0.552233099937439
1662011081.9126637,14397068,7.441502418518066,7.397784080505371,0.552233099937439
1662011082.012157,14397168,7.484069671630859,7.431148376464844,0.552233099937439
1662011082.1125956,14397268,7.507079925537109,7.465662803649902,0.5062136650085449
1662011082.2133586,14397369,7.585312690734863,7.536991920471191,0.552233099937439
1662011082.319987,14397470,7.626730766296387,7.581862297058105,0.5062136650085449
1662011082.4185781,14397571,7.666996803283691,7.62212833404541,0.552233099937439
1662011082.525163,14397673,7.744079437255859,7.696910705566406,0.552233099937439
1662011082.6182058,14397774,7.786647644042969,7.737177696228027,0.598252534866333
1662011082.7179601,14397875,7.826915588378906,7.779745903015137,0.552233099937439
1662011082.8238356,14397975,7.906298484802246,7.868332710266113,0.552233099937439
1662011082.9276175,14398081,7.946564521789551,7.9005459213256835,0.552233099937439
1662011083.0251334,14398179,8.029400672912598,7.977629508972168,0.598252534866333
1662011083.1300442,14398279,8.07196792602539,8.013294067382812,0.552233099937439
1662011083.2237735,14398379,8.1145361328125,8.05010971069336,0.552233099937439
1662011083.3297944,14398480,8.196220245361328,8.128342475891113,0.552233099937439
1662011083.4254954,14398581,8.238788452148437,8.166308250427246,0.552233099937439
1662011083.5308962,14398682,8.276755180358887,8.20657428741455,0.5062136650085449
1662011083.632671,14398784,8.344633903503418,8.282507743835449,0.5062136650085449
1662011083.6643434,14398819,8.344633903503418,8.282507743835449,0.5062136650085449
1662011083.7362776,14398885,8.384899940490723,8.315871086120605,0.5062136650085449
1662011083.8107677,14398967,8.422866668701172,8.357288208007812,0.4601942300796509
1662011083.832291,14398985,8.422866668701172,8.357288208007812,0.4601942300796509
1662011083.9296103,14399086,8.486143913269043,8.447026100158691,0.5062136650085449
1662011084.0317185,14399187,8.525259819030762,8.488444175720215,0.552233099937439
1662011084.1455429,14399298,8.604643669128418,8.562075462341308,0.552233099937439
1662011084.2544081,14399399,8.643759574890137,8.59658893585205,0.5062136650085449
1662011084.3432784,14399490,8.68172534942627,8.633404579162598,0.4601942300796509
1662011084.363232,14399510,8.716239776611328,8.671371307373047,0.3681553900241852
1662011084.448384,14399605,8.753055419921875,8.709338035583496,0.4601942300796509
1662011084.5577648,14399706,8.793323364257812,8.74500259399414,0.598252534866333
1662011084.6553504,14399807,8.871556129455566,8.833590354919433,0.4601942300796509
1662011084.7545466,14399909,8.910672035217285,8.862351264953613,0.5062136650085449
1662011084.8514123,14400009,8.953240242004394,8.903769340515137,0.552233099937439
1662011084.9626527,14400110,9.033774223327637,9.001561012268066,0.552233099937439
1662011085.0600102,14400210,9.072891082763672,9.046429481506348,0.552233099937439
1662011085.1610436,14400314,9.11200698852539,9.085545387268066,0.5062136650085449
1662011085.261385,14400414,9.191390838623047,9.160327758789062,0.5062136650085449
1662011085.3585224,14400515,9.233959045410156,9.193692054748535,0.598252534866333
1662011085.4709315,14400620,9.314492073059082,9.267322387695312,0.5062136650085449
1662011085.4878862,14400636,9.314492073059082,9.267322387695312,0.5062136650085449
1662011085.5638082,14400717,9.353608932495117,9.305289115905762,0.5062136650085449
1662011085.6497777,14400800,9.392724838256836,9.34325584411621,0.5062136650085449
1662011085.6753044,14400819,9.392724838256836,9.34325584411621,0.5062136650085449
1662011085.7690158,14400922,9.45715316772461,9.426090087890625,0.552233099937439
1662011085.813783,14400967,9.45715316772461,9.426090087890625,0.552233099937439
1662011085.8668692,14401022,9.499721374511719,9.468658294677734,0.552233099937439
1662011085.9755218,14401124,9.54458984375,9.514676895141601,0.598252534866333
1662011086.0726767,14401224,9.629726257324219,9.618221130371094,0.552233099937439
1662011086.16942,14401325,9.673444595336914,9.66423973083496,0.598252534866333
1662011086.279381,14401426,9.716012802124023,9.705657806396484,0.552233099937439
1662011086.3701742,14401528,9.802299346923828,9.779289093017578,0.598252534866333
1662011086.4888587,14401635,9.846017684936523,9.818404998779297,0.598252534866333
1662011086.5842147,14401734,9.932304229736328,9.887433853149414,0.552233099937439
1662011086.6817534,14401835,9.973722305297851,9.928851928710937,0.552233099937439
1662011086.7849889,14401937,10.013988342285156,9.969117965698242,0.552233099937439
1662011086.8807259,14402036,10.095672454833984,10.051954116821289,0.552233099937439
1662011086.9822555,14402137,10.140540924072265,10.09682258605957,0.598252534866333
1662011087.0902908,14402239,10.18425926208496,10.149745788574219,0.552233099937439
1662011087.201396,14402349,10.268245544433594,10.24638542175293,0.552233099937439
1662011087.300807,14402448,10.309663619995117,10.288953628540039,0.552233099937439
1662011087.390837,14402544,10.39940055847168,10.361434783935547,0.6442719101905823
1662011087.4951394,14402644,10.44542106628418,10.39940055847168,0.598252534866333
1662011087.5911295,14402746,10.44542106628418,10.439668502807617,0.598252534866333
1662011087.702787,14402849,10.557016220092773,10.521352615356445,0.5062136650085449
1662011087.7947526,14402948,10.596134033203125,10.561620559692383,0.552233099937439
1662011087.894151,14403049,10.635249938964844,10.603036727905273,0.552233099937439
1662011087.9988186,14403150,10.722688522338867,10.693925704956055,0.598252534866333
1662011088.1002197,14403255,10.767556991577148,10.74684700012207,0.598252534866333
1662011088.2043445,14403358,10.849241104125976,10.841188278198242,0.552233099937439
1662011088.3027387,14403453,10.889507141113281,10.881454315185547,0.552233099937439
1662011088.4068832,14403555,10.93207534790039,10.918269958496094,0.598252534866333
1662011088.5071788,14403655,11.02641471862793,10.980396118164062,0.598252534866333
1662011088.6028113,14403756,11.07243522644043,11.020662155151367,0.598252534866333
1662011088.7113893,14403858,11.112703170776367,11.06208023071289,0.5062136650085449
1662011088.8029945,14403958,11.188634719848633,11.144914474487305,0.5062136650085449
1662011088.910175,14404059,11.227750625610351,11.185182418823242,0.552233099937439
1662011089.0094318,14404160,11.27031883239746,11.228900756835937,0.598252534866333
1662011089.105663,14404261,11.360055770874023,11.330144729614258,0.598252534866333
1662011089.2152448,14404363,11.401473846435547,11.37731346130371,0.598252534866333
1662011089.3160372,14404472,11.48430809020996,11.46244987487793,0.552233099937439
1662011089.4186244,14404571,11.48430809020996,11.500415649414062,0.552233099937439
1662011089.5201018,14404674,11.557939376831055,11.53723129272461,0.598252534866333
1662011089.6196527,14404774,11.648828353881836,11.618915405273437,0.552233099937439
1662011089.7224717,14404877,11.691396560668945,11.66033348083496,0.552233099937439
1662011089.8273435,14404979,11.73511489868164,11.701749649047851,0.552233099937439
1662011089.9272454,14405077,11.814498748779297,11.78688606262207,0.5062136650085449
1662011090.0130248,14405080,11.814498748779297,11.78688606262207,0.5062136650085449
1662011090.0256712,14405164,11.857065048217773,11.831754531860351,0.552233099937439
1662011090.134015,14405182,11.857065048217773,11.831754531860351,0.552233099937439
1662011090.1450114,14405283,11.946803894042969,11.931848373413086,0.552233099937439
1662011090.231429,14405302,11.946803894042969,11.931848373413086,0.552233099937439
1662011090.241785,14405383,11.988221969604492,11.975566711425781,0.552233099937439
1662011090.3283782,14405484,12.028488006591797,12.00432762145996,0.5062136650085449
1662011090.4284585,14405586,12.11247428894043,12.082561340332031,0.598252534866333
1662011090.539862,14405688,12.156192626953125,12.118226852416992,0.598252534866333
1662011090.5973752,14405748,12.202211227416992,12.152740325927734,0.598252534866333
1662011090.6302733,14405788,12.202211227416992,12.152740325927734,0.598252534866333
1662011090.7384129,14405889,12.28734764099121,12.229823913574219,0.552233099937439
1662011090.84385,14405992,12.327615585327148,12.268939819335937,0.5062136650085449
1662011090.9293737,14406086,12.365581359863281,12.309205856323242,0.4601942300796509
1662011090.9401295,14406096,12.403547134399414,12.347173538208008,0.5062136650085449
1662011091.0425653,14406196,12.443813171386719,12.38513931274414,0.552233099937439
1662011091.1282926,14406282,12.487531509399414,12.42425521850586,0.598252534866333
1662011091.139157,14406295,12.487531509399414,12.42425521850586,0.598252534866333
1662011091.2233458,14406378,12.526649322509765,12.465673294067383,0.5062136650085449
1662011091.245496,14406396,12.526649322509765,12.507089462280273,0.5062136650085449
1662011091.3453174,14406498,12.58647331237793,12.553109970092773,0.4601942300796509
1662011091.3766828,14406527,12.58647331237793,12.553109970092773,0.4601942300796509
1662011091.4391952,14406597,12.62213882446289,12.59337791442871,0.4601942300796509
1662011091.5264404,14406676,12.65435203552246,12.626741256713867,0.4141748249530792
1662011091.555811,14406697,12.683114852905273,12.65435203552246,0.3681553900241852
1662011091.6431758,14406799,12.713027801513672,12.679662551879883,0.4141748249530792
1662011091.6864593,14406836,12.740638580322265,12.701522674560547,0.3681553900241852
1662011091.7497582,14406900,12.740638580322265,12.701522674560547,0.3681553900241852
1662011091.8479035,14407002,12.791261520385742,12.74294075012207,0.32213595509529114
1662011091.950432,14407104,12.81426986694336,12.76249870300293,0.2761165499687195
1662011092.0487247,14407206,12.854535903930664,12.802764739990234,0.23009711503982544
1662011092.0832145,14407239,12.854535903930664,12.802764739990234,0.23009711503982544
1662011092.15706,14407306,12.875245895385742,12.816572036743164,0.2761165499687195
1662011092.2628033,14407412,12.89595588684082,12.83728012084961,0.23009711503982544
1662011092.3591685,14407512,12.935071792602539,12.875245895385742,0.23009711503982544
1662011092.456889,14407612,12.950027313232422,12.89250358581543,0.23009711503982544
1662011092.5612934,14407713,12.966134872436523,12.909761276245117,0.23009711503982544
1662011092.6055415,14407755,12.98339256286621,12.927018966674805,0.23009711503982544
1662011092.6597388,14407814,13.000648345947265,12.945424880981445,0.23009711503982544
1662011092.7610831,14407916,13.019056167602539,12.961532440185547,0.23009711503982544
1662011092.8742425,14408020,13.051271286010742,12.994895782470703,0.23009711503982544
1662011092.9640095,14408118,13.065076675415039,13.008703079223633,0.1840776950120926
1662011093.0652804,14408222,13.080032196044922,13.023658599853515,0.1840776950120926
1662011093.171122,14408323,13.105342712402344,13.057023849487305,0.1840776950120926
1662011093.2733214,14408424,13.120298233032226,13.075429763793945,0.1840776950120926
1662011093.3690915,14408524,13.135255661010742,13.092687454223633,0.23009711503982544
1662011093.4011996,14408549,13.149061050415039,13.112245407104492,0.1840776950120926
1662011093.4741867,14408625,13.164018478393555,13.130653228759765,0.1840776950120926
1662011093.5744584,14408730,13.178973999023437,13.146760787963867,0.1840776950120926
1662011093.677263,14408834,13.201984252929687,13.170921173095703,0.13805827498435974
1662011093.7817397,14408932,13.21348747253418,13.1847265625,0.13805827498435974
1662011093.8814573,14409036,13.224992599487305,13.196231689453125,0.13805827498435974
1662011093.9814754,14409130,13.246852722167969,13.21693977355957,0.13805827498435974
1662011094.089311,14409138,13.246852722167969,13.21693977355957,0.13805827498435974
1662011094.1012836,14409238,13.258357849121094,13.228444900512695,0.13805827498435974
1662011094.1835296,14409338,13.269862976074219,13.238799896240234,0.13805827498435974
1662011094.2817667,14409440,13.277915802001953,13.246852722167969,0.0
1662011094.3854892,14409542,13.277915802001953,13.246852722167969,0.0
1662011094.475949,14409625,13.277915802001953,13.246852722167969,0.0
1662011094.487871,14409641,13.277915802001953,13.246852722167969,0.0
1662011094.5872207,14409742,13.277915802001953,13.246852722167969,0.0
1662011094.6418176,14409796,13.277915802001953,13.246852722167969,0.0
1662011094.686627,14409843,13.277915802001953,13.246852722167969,0.0
1662011094.8011959,14409950,13.284818496704101,13.251455154418945,0.0920388475060463
1662011094.9049864,14409959,13.284818496704101,13.251455154418945,0.0920388475060463
1662011094.9150076,14410059,13.292871322631836,13.25950798034668,0.0920388475060463
1662011095.012929,14410166,13.310129013061523,13.276765670776367,0.13805827498435974
1662011095.1163492,14410264,13.322784271240234,13.288270797729492,0.13805827498435974
1662011095.2136033,14410364,13.336591567993164,13.298623886108398,0.1840776950120926
1662011095.3088925,14410464,13.360750045776367,13.3147314453125,0.13805827498435974
1662011095.4149806,14410564,13.372255172729492,13.318181838989258,0.13805827498435974
1662011095.5044875,14410662,13.382610168457031,13.320484008789062,0.13805827498435974
1662011095.514501,14410665,13.382610168457031,13.320484008789062,0.13805827498435974
1662011095.610492,14410768,13.403318252563476,13.329686965942383,0.13805827498435974
1662011095.7140458,14410870,13.414823379516601,13.335439529418945,0.13805827498435974
1662011095.8152025,14410970,13.42172607421875,13.33774169921875,0.04601942375302315
1662011095.919738,14411072,13.422876205444336,13.338891830444336,0.0
1662011096.0212364,14411172,13.422876205444336,13.341192092895508,0.0
1662011096.1228986,14411275,13.42517837524414,13.345794525146484,0.0
1662011096.225123,14411377,13.427478637695312,13.34694465637207,0.04601942375302315
1662011096.328017,14411477,13.427478637695312,13.348096694946289,0.0
1662011096.424961,14411579,13.429780807495117,13.349244918823242,0.0
